{
  "parent": "minecraft:recipes/root",
  "criteria": {
    "has_clay_ball": {
      "conditions": {
        "items": [
          {
            "items": [
              "minecraft:clay_ball"
            ]
          }
        ]
      },
      "trigger": "minecraft:inventory_changed"
    },
    "has_the_recipe": {
      "conditions": {
        "recipe": "minecraft:brick"
      },
      "trigger": "minecraft:recipe_unlocked"
    }
  },
  "requirements": [
    [
      "has_clay_ball",
      "has_the_recipe"
    ]
  ],
  "rewards": {
    "recipes": [
      "minecraft:brick"
    ]
  },
  "sends_telemetry_event": false
}