{
  "parent": "minecraft:recipes/root",
  "criteria": {
    "has_deepslate_gold_ore": {
      "conditions": {
        "items": [
          {
            "items": [
              "minecraft:deepslate_gold_ore"
            ]
          }
        ]
      },
      "trigger": "minecraft:inventory_changed"
    },
    "has_the_recipe": {
      "conditions": {
        "recipe": "minecraft:gold_ingot_from_blasting_deepslate_gold_ore"
      },
      "trigger": "minecraft:recipe_unlocked"
    }
  },
  "requirements": [
    [
      "has_deepslate_gold_ore",
      "has_the_recipe"
    ]
  ],
  "rewards": {
    "recipes": [
      "minecraft:gold_ingot_from_blasting_deepslate_gold_ore"
    ]
  },
  "sends_telemetry_event": false
}