{
  "parent": "minecraft:recipes/root",
  "criteria": {
    "has_sea_pickle": {
      "conditions": {
        "items": [
          {
            "items": [
              "minecraft:sea_pickle"
            ]
          }
        ]
      },
      "trigger": "minecraft:inventory_changed"
    },
    "has_the_recipe": {
      "conditions": {
        "recipe": "minecraft:lime_dye_from_smelting"
      },
      "trigger": "minecraft:recipe_unlocked"
    }
  },
  "requirements": [
    [
      "has_sea_pickle",
      "has_the_recipe"
    ]
  ],
  "rewards": {
    "recipes": [
      "minecraft:lime_dye_from_smelting"
    ]
  },
  "sends_telemetry_event": false
}