{
  "parent": "minecraft:recipes/root",
  "criteria": {
    "has_red_dye": {
      "conditions": {
        "items": [
          {
            "items": [
              "minecraft:red_dye"
            ]
          }
        ]
      },
      "trigger": "minecraft:inventory_changed"
    },
    "has_the_recipe": {
      "conditions": {
        "recipe": "minecraft:pink_dye_from_red_white_dye"
      },
      "trigger": "minecraft:recipe_unlocked"
    },
    "has_white_dye": {
      "conditions": {
        "items": [
          {
            "items": [
              "minecraft:white_dye"
            ]
          }
        ]
      },
      "trigger": "minecraft:inventory_changed"
    }
  },
  "requirements": [
    [
      "has_white_dye",
      "has_red_dye",
      "has_the_recipe"
    ]
  ],
  "rewards": {
    "recipes": [
      "minecraft:pink_dye_from_red_white_dye"
    ]
  },
  "sends_telemetry_event": false
}