{
  "parent": "minecraft:recipes/root",
  "criteria": {
    "has_poppy": {
      "conditions": {
        "items": [
          {
            "items": [
              "minecraft:poppy"
            ]
          }
        ]
      },
      "trigger": "minecraft:inventory_changed"
    },
    "has_the_recipe": {
      "conditions": {
        "recipe": "minecraft:red_dye_from_poppy"
      },
      "trigger": "minecraft:recipe_unlocked"
    }
  },
  "requirements": [
    [
      "has_poppy",
      "has_the_recipe"
    ]
  ],
  "rewards": {
    "recipes": [
      "minecraft:red_dye_from_poppy"
    ]
  },
  "sends_telemetry_event": false
}