{
  "parent": "minecraft:recipes/root",
  "criteria": {
    "has_the_recipe": {
      "conditions": {
        "recipe": "minecraft:ward_armor_trim_smithing_template"
      },
      "trigger": "minecraft:recipe_unlocked"
    },
    "has_ward_armor_trim_smithing_template": {
      "conditions": {
        "items": [
          {
            "items": [
              "minecraft:ward_armor_trim_smithing_template"
            ]
          }
        ]
      },
      "trigger": "minecraft:inventory_changed"
    }
  },
  "requirements": [
    [
      "has_ward_armor_trim_smithing_template",
      "has_the_recipe"
    ]
  ],
  "rewards": {
    "recipes": [
      "minecraft:ward_armor_trim_smithing_template"
    ]
  },
  "sends_telemetry_event": false
}