{"stats":{"minecraft:mined":{"minecraft:grass_block":45,"minecraft:oak_log":22,"minecraft:melon":5,"minecraft:gravel":1,"minecraft:dirt":1,"minecraft:birch_log":3,"minecraft:pumpkin":3,"minecraft:clay":9,"minecraft:podzol":8},"minecraft:used":{"minecraft:torch":1,"minecraft:crafting_table":1,"minecraft:oak_slab":8,"tetra:modular_double":1,"minecraft:oak_boat":2},"minecraft:picked_up":{"minecraft:birch_log":1,"minecraft:clay_ball":4,"minecraft:oak_log":7,"minecraft:melon_slice":7,"minecraft:dirt":32},"minecraft:crafted":{"minecraft:oak_boat":2,"minecraft:oak_slab":12,"minecraft:oak_planks":14,"minecraft:birch_planks":1,"minecraft:crafting_table":1,"tetra:modular_double":1,"minecraft:stick":4,"minecraft:air":13},"minecraft:custom":{"minecraft:time_since_rest":11232,"minecraft:open_chest":33,"minecraft:crouch_one_cm":2481,"minecraft:play_time":11232,"minecraft:sprint_one_cm":4823,"minecraft:damage_taken":10,"minecraft:walk_one_cm":25658,"minecraft:sneak_time":1374,"minecraft:boat_one_cm":11038,"minecraft:drop":2,"minecraft:jump":31,"minecraft:damage_dealt":10,"minecraft:time_since_death":11232,"minecraft:total_world_time":11232,"minecraft:interact_with_crafting_table":6,"minecraft:fly_one_cm":1527},"minecraft:dropped":{"minecraft:dirt":15,"minecraft:birch_sapling":1}},"DataVersion":3465}