{"stats":{"minecraft:used":{"minecraft:stone_pickaxe":31,"minecraft:wooden_pickaxe":41,"farmersdelight:pumpkin_slice":2,"minecraft:torch":1,"farmersdelight:cutting_board":1,"minecraft:oak_slab":8,"minecraft:crafting_table":1,"tetra:modular_double":1,"minecraft:oak_boat":4},"minecraft:picked_up":{"minecraft:birch_log":4,"minecraft:clay_ball":8,"minecraft:andesite":4,"minecraft:red_mushroom":1,"minecraft:gravel":7,"minecraft:amethyst_shard":8,"minecraft:oak_log":9,"minecraft:amethyst_block":2,"minecraft:dirt":43,"minecraft:raw_copper":3,"minecraft:pumpkin_seeds":1,"minecraft:wheat_seeds":2,"farmersdelight:pumpkin_slice":16,"minecraft:oak_boat":1,"minecraft:melon_slice":11,"minecraft:cobblestone":3},"minecraft:mined":{"minecraft:podzol":13,"minecraft:birch_log":7,"minecraft:andesite":7,"minecraft:pumpkin":3,"minecraft:clay":12,"minecraft:granite":3,"minecraft:coal_ore":2,"minecraft:oak_log":25,"minecraft:grass_block":55,"minecraft:melon":8,"minecraft:dirt":12,"minecraft:gravel":10,"minecraft:copper_ore":11,"minecraft:stone":16,"minecraft:diorite":2,"minecraft:amethyst_block":4},"minecraft:crafted":{"farmersdelight:cutting_board":1,"minecraft:oak_boat":5,"minecraft:oak_slab":12,"minecraft:oak_planks":16,"minecraft:crafting_table":1,"minecraft:stick":6,"farmersdelight:flint_knife":1,"minecraft:wooden_pickaxe":1,"minecraft:stone_pickaxe":1,"minecraft:birch_planks":3,"tetra:modular_double":1,"minecraft:air":38},"minecraft:custom":{"minecraft:time_since_rest":23232,"minecraft:sprint_one_cm":17572,"minecraft:damage_taken":20,"minecraft:walk_one_cm":55807,"minecraft:drop":2,"minecraft:damage_dealt":153,"minecraft:interact_with_crafting_table":12,"minecraft:fly_one_cm":13498,"minecraft:open_chest":87,"minecraft:crouch_one_cm":3793,"minecraft:play_time":23232,"minecraft:sneak_time":2256,"minecraft:boat_one_cm":20068,"minecraft:jump":117,"minecraft:time_since_death":23232,"minecraft:total_world_time":23232,"minecraft:fall_one_cm":1254},"minecraft:dropped":{"minecraft:dirt":15,"minecraft:birch_sapling":1}},"DataVersion":3465}