{"stats":{"minecraft:used":{"minecraft:oak_fence":6,"minecraft:stone_pickaxe":55,"minecraft:wooden_pickaxe":9,"minecraft:dirt":45,"minecraft:crafting_table":1,"minecraft:oak_slab":118,"minecraft:oak_boat":4},"minecraft:mined":{"minecraft:podzol":2,"minecraft:oak_slab":3,"minecraft:iron_ore":3,"minecraft:birch_log":9,"minecraft:pumpkin":1,"minecraft:clay":3,"minecraft:calcite":3,"minecraft:coal_ore":2,"minecraft:grass_block":27,"minecraft:oak_log":9,"minecraft:melon":1,"minecraft:gravel":4,"minecraft:dirt":1,"minecraft:copper_ore":6,"minecraft:stone":41,"minecraft:diorite":1,"minecraft:amethyst_block":1},"minecraft:picked_up":{"minecraft:birch_log":16,"minecraft:oak_slab":3,"minecraft:raw_iron":4,"minecraft:clay_ball":20,"minecraft:pumpkin":5,"minecraft:andesite":1,"minecraft:gravel":6,"minecraft:flint":1,"minecraft:oak_log":23,"minecraft:diorite":2,"minecraft:amethyst_block":3,"minecraft:dirt":75,"minecraft:raw_copper":62,"minecraft:rotten_flesh":2,"minecraft:granite":1,"minecraft:calcite":3,"minecraft:melon_slice":41,"minecraft:birch_sapling":1,"minecraft:coal":4,"minecraft:cobblestone":65},"minecraft:killed":{"minecraft:zombie":1},"minecraft:crafted":{"minecraft:oak_slab":126,"minecraft:oak_boat":4,"minecraft:oak_planks":108,"minecraft:crafting_table":1,"minecraft:stick":16,"minecraft:wooden_pickaxe":1,"minecraft:stone_pickaxe":1,"minecraft:oak_fence":6,"minecraft:air":1},"minecraft:custom":{"minecraft:time_since_rest":239,"minecraft:sprint_one_cm":10181,"minecraft:damage_taken":1479,"minecraft:walk_one_cm":84034,"minecraft:mob_kills":1,"minecraft:drop":5,"minecraft:damage_dealt":159,"minecraft:interact_with_crafting_table":19,"minecraft:fly_one_cm":8980,"minecraft:open_chest":41,"minecraft:crouch_one_cm":19646,"minecraft:play_time":28768,"minecraft:deaths":3,"minecraft:sneak_time":8796,"minecraft:jump":97,"minecraft:time_since_death":216,"minecraft:total_world_time":28768,"minecraft:fall_one_cm":237788},"minecraft:dropped":{"minecraft:cobblestone":5}},"DataVersion":3465}