{"stats":{"minecraft:used":{"minecraft:dirt":27,"minecraft:oak_slab":61,"minecraft:crafting_table":1,"minecraft:oak_boat":3},"minecraft:picked_up":{"minecraft:pumpkin":3,"minecraft:oak_slab":1,"minecraft:gravel":1,"minecraft:oak_log":18,"minecraft:melon_slice":36,"minecraft:birch_sapling":1,"minecraft:dirt":63,"minecraft:birch_log":10,"minecraft:clay_ball":12},"minecraft:mined":{"minecraft:melon":1,"minecraft:grass_block":22,"minecraft:oak_slab":1,"minecraft:oak_log":5,"minecraft:dirt":1,"minecraft:birch_log":5,"minecraft:clay":1},"minecraft:crafted":{"minecraft:oak_boat":3,"minecraft:oak_slab":90,"minecraft:oak_planks":64,"minecraft:crafting_table":1,"minecraft:air":1},"minecraft:custom":{"minecraft:time_since_rest":8906,"minecraft:open_chest":37,"minecraft:sprint_one_cm":2887,"minecraft:deaths":1,"minecraft:crouch_one_cm":12194,"minecraft:play_time":16768,"minecraft:damage_taken":580,"minecraft:walk_one_cm":44298,"minecraft:sneak_time":4614,"minecraft:jump":35,"minecraft:damage_dealt":10,"minecraft:time_since_death":8882,"minecraft:total_world_time":16768,"minecraft:fall_one_cm":118476,"minecraft:interact_with_crafting_table":12,"minecraft:fly_one_cm":2297}},"DataVersion":3465}