{"stats":{"minecraft:used":{"minecraft:oak_sapling":1},"minecraft:picked_up":{"minecraft:oak_sapling":1,"minecraft:wheat_seeds":1},"minecraft:custom":{"minecraft:jump":39,"minecraft:time_since_rest":4860,"minecraft:leave_game":1,"minecraft:sprint_one_cm":5852,"minecraft:play_time":4860,"minecraft:damage_taken":10,"minecraft:time_since_death":4860,"minecraft:walk_one_cm":8597,"minecraft:total_world_time":4860,"minecraft:fall_one_cm":418,"minecraft:fly_one_cm":7884},"minecraft:mined":{"minecraft:oak_leaves":3}},"DataVersion":3465}