{"stats":{"minecraft:used":{"minecraft:wooden_axe":34,"minecraft:dirt":3,"minecraft:oak_boat":1,"minecraft:gravel":5},"minecraft:picked_up":{"minecraft:pumpkin":1,"minecraft:clay_ball":56,"minecraft:gravel":5,"minecraft:flint":3,"minecraft:oak_boat":1,"minecraft:oak_log":20,"minecraft:birch_sapling":2,"minecraft:dirt":58,"minecraft:birch_log":4},"minecraft:mined":{"minecraft:podzol":13,"minecraft:grass_block":49,"minecraft:oak_log":18,"minecraft:melon":2,"minecraft:gravel":8,"minecraft:birch_log":7,"minecraft:pumpkin":1,"minecraft:clay":8},"minecraft:crafted":{"minecraft:oak_planks":36,"minecraft:stick":4,"minecraft:wooden_pickaxe":1,"minecraft:wooden_axe":1},"minecraft:custom":{"minecraft:time_since_rest":16171,"minecraft:open_chest":17,"minecraft:crouch_one_cm":5528,"minecraft:play_time":16171,"minecraft:sprint_one_cm":3398,"minecraft:damage_taken":10,"minecraft:walk_one_cm":24148,"minecraft:sneak_time":6957,"minecraft:boat_one_cm":585,"minecraft:drop":2,"minecraft:jump":45,"minecraft:damage_dealt":10,"minecraft:time_since_death":16171,"minecraft:total_world_time":16171,"minecraft:interact_with_crafting_table":3,"minecraft:fall_one_cm":209,"minecraft:fly_one_cm":797},"minecraft:dropped":{"minecraft:birch_sapling":2}},"DataVersion":3465}