{"stats":{"minecraft:used":{"minecraft:wooden_axe":61,"minecraft:stone_pickaxe":20,"minecraft:wooden_pickaxe":5,"minecraft:gravel":5,"minecraft:dirt":5,"minecraft:oak_boat":1},"minecraft:mined":{"minecraft:podzol":15,"minecraft:iron_ore":1,"minecraft:birch_log":15,"minecraft:andesite":2,"minecraft:pumpkin":2,"minecraft:clay":11,"minecraft:granite":2,"minecraft:grass_block":55,"minecraft:oak_log":27,"minecraft:melon":2,"minecraft:gravel":11,"minecraft:dirt":3,"minecraft:copper_ore":2,"minecraft:stone":11,"minecraft:diorite":1},"minecraft:picked_up":{"minecraft:birch_log":11,"minecraft:clay_ball":76,"minecraft:pumpkin":1,"minecraft:andesite":4,"minecraft:red_mushroom":1,"minecraft:gravel":7,"minecraft:flint":4,"minecraft:oak_log":29,"minecraft:diorite":2,"minecraft:amethyst_block":2,"minecraft:dirt":79,"minecraft:raw_copper":4,"minecraft:granite":4,"minecraft:oak_boat":1,"minecraft:melon_slice":4,"minecraft:birch_sapling":2,"minecraft:cobblestone":6},"minecraft:crafted":{"minecraft:oak_boat":1,"minecraft:oak_planks":92,"minecraft:stick":12,"minecraft:wooden_pickaxe":1,"minecraft:stone_pickaxe":1,"minecraft:wooden_axe":2,"minecraft:bowl":4},"minecraft:custom":{"minecraft:time_since_rest":28171,"minecraft:sprint_one_cm":4699,"minecraft:damage_taken":10,"minecraft:walk_one_cm":51138,"minecraft:drop":12,"minecraft:damage_dealt":124,"minecraft:interact_with_crafting_table":6,"minecraft:fly_one_cm":835,"minecraft:open_chest":28,"minecraft:crouch_one_cm":8000,"minecraft:play_time":28171,"minecraft:sneak_time":10117,"minecraft:boat_one_cm":585,"minecraft:jump":73,"minecraft:time_since_death":28171,"minecraft:total_world_time":28171,"minecraft:fall_one_cm":209},"minecraft:dropped":{"minecraft:wheat_seeds":2,"minecraft:wooden_axe":1,"minecraft:birch_sapling":2,"minecraft:oak_boat":1,"minecraft:cobblestone":1,"minecraft:amethyst_block":2,"minecraft:pumpkin_seeds":1,"minecraft:red_mushroom":2}},"DataVersion":3465}