{
  "tetra:upgrades/repairs": {
    "criteria": {
      "hammer": "2024-06-29 01:08:32 +0000"
    },
    "done": true
  },
  "gamerz_riot:calcite": {
    "criteria": {
      "has_recipe": "2024-06-29 01:01:08 +0000"
    },
    "done": true
  },
  "farmersdelight:main/root": {
    "criteria": {
      "seeds": "2024-06-29 01:01:43 +0000"
    },
    "done": true
  },
  "tetra:upgrades/workbench": {
    "criteria": {
      "hammer": "2024-06-29 01:09:25 +0000"
    },
    "done": true
  },
  "tetra:recipes/workbench": {
    "criteria": {
      "hammer": "2024-06-29 01:09:25 +0000"
    },
    "done": true
  },
  "tetra:upgrades/root": {
    "criteria": {
      "hammer": "2024-06-29 01:08:32 +0000"
    },
    "done": true
  },
  "tetra:upgrades/double_headed": {
    "criteria": {
      "hammer": "2024-06-29 01:08:32 +0000"
    },
    "done": true
  },
  "gamerz_riot:tuff": {
    "criteria": {
      "has_recipe": "2024-06-29 01:01:08 +0000"
    },
    "done": true
  },
  "gamerz_riot:root": {
    "criteria": {
      "tick": "2024-06-29 01:01:08 +0000"
    },
    "done": true
  },
  "minecraft:story/root": {
    "criteria": {
      "crafting_table": "2024-06-29 01:09:20 +0000"
    },
    "done": true
  },
  "minecraft:adventure/adventuring_time": {
    "criteria": {
      "minecraft:meadow": "2024-06-29 01:01:09 +0000",
      "minecraft:plains": "2024-06-29 01:02:27 +0000"
    },
    "done": false
  },
  "tetra:recipes/planks": {
    "criteria": {
      "got_wood": "2024-06-29 01:07:04 +0000"
    },
    "done": true
  },
  "tetra:story/more_upgrades": {
    "criteria": {
      "hammer": "2024-06-29 01:08:32 +0000"
    },
    "done": true
  },
  "DataVersion": 3465
}