{
  "gamerz_riot:calcite": {
    "criteria": {
      "has_recipe": "2024-06-29 00:56:32 +0000"
    },
    "done": true
  },
  "tetra:spelunking/root": {
    "criteria": {
      "spelunking": "2024-06-29 00:58:47 +0000"
    },
    "done": true
  },
  "farmersdelight:main/root": {
    "criteria": {
      "seeds": "2024-06-29 00:57:01 +0000"
    },
    "done": true
  },
  "gamerz_riot:tuff": {
    "criteria": {
      "has_recipe": "2024-06-29 00:56:32 +0000"
    },
    "done": true
  },
  "gamerz_riot:root": {
    "criteria": {
      "tick": "2024-06-29 00:56:32 +0000"
    },
    "done": true
  },
  "minecraft:story/root": {
    "criteria": {
      "crafting_table": "2024-06-29 00:59:56 +0000"
    },
    "done": true
  },
  "minecraft:adventure/adventuring_time": {
    "criteria": {
      "minecraft:meadow": "2024-06-29 00:56:32 +0000",
      "minecraft:plains": "2024-06-29 00:58:47 +0000"
    },
    "done": false
  },
  "tetra:recipes/planks": {
    "criteria": {
      "got_wood": "2024-06-29 01:00:04 +0000"
    },
    "done": true
  },
  "DataVersion": 3465
}