{
  "gamerz_riot:calcite": {
    "criteria": {
      "has_recipe": "2024-06-29 00:57:01 +0000"
    },
    "done": true
  },
  "minecraft:story/mine_stone": {
    "criteria": {
      "get_stone": "2024-06-29 01:17:03 +0000"
    },
    "done": true
  },
  "farmersdelight:main/root": {
    "criteria": {
      "seeds": "2024-06-29 00:58:53 +0000"
    },
    "done": true
  },
  "minecraft:story/upgrade_tools": {
    "criteria": {
      "stone_pickaxe": "2024-06-29 01:17:19 +0000"
    },
    "done": true
  },
  "gamerz_riot:tuff": {
    "criteria": {
      "has_recipe": "2024-06-29 00:57:01 +0000"
    },
    "done": true
  },
  "gamerz_riot:root": {
    "criteria": {
      "tick": "2024-06-29 00:57:01 +0000"
    },
    "done": true
  },
  "minecraft:adventure/adventuring_time": {
    "criteria": {
      "minecraft:windswept_forest": "2024-06-29 01:14:23 +0000",
      "minecraft:meadow": "2024-06-29 00:57:02 +0000",
      "minecraft:plains": "2024-06-29 01:02:27 +0000"
    },
    "done": false
  },
  "tetra:recipes/planks": {
    "criteria": {
      "got_wood": "2024-06-29 01:02:41 +0000"
    },
    "done": true
  },
  "DataVersion": 3465
}